Player.name,Team,Games.played,Defensive.rating,matchup,MatchupPerGame
Aaron Gordon,DEN,75,111.1,206.316666666667,2.7508888888888934
Aaron Holiday,PHX,63,108.2,42.9666666666667,0.6820105820105825
Aaron Nesmith,BOS,52,104.3,14.75,0.28365384615384615
Aaron Wiggins,OKC,50,112.6,76.6333333333333,1.532666666666666
Al Horford,BOS,69,103.4,106.45,1.5427536231884058
Alec Burks,NYK,81,108.1,128.9,1.5913580246913581
Aleksej Pokusevski,OKC,61,106.1,17.75,0.29098360655737704
Alex Caruso,CHI,41,105.5,95.3333333333333,2.3252032520325194
Alperen Sengun,HOU,72,116.6,42.4833333333333,0.5900462962962958
Amir Coffey,LAC,69,111,66.1666666666667,0.9589371980676333
Andre Drummond,BKN,73,109.8,48.8166666666667,0.6687214611872151
Andrew Wiggins,GSW,73,105.4,199.8,2.736986301369863
Anfernee Simons,POR,57,112.9,74.6166666666667,1.3090643274853808
Anthony Edwards,MIN,72,110.6,110.666666666667,1.5370370370370416
Anthony Gill,WAS,44,108.9,8.96666666666667,0.20378787878787888
Armoni Brooks,TOR,54,112.1,11.3,0.20925925925925928
Austin Reaves,LAL,61,109,66.25,1.0860655737704918
Austin Rivers,DEN,67,111.1,82.9,1.237313432835821
Avery Bradley,LAL,62,111.2,133.483333333333,2.1529569892473064
Ayo Dosunmu,CHI,77,114.1,185.483333333333,2.408874458874455
Bam Adebayo,MIA,56,104.9,122.216666666667,2.182440476190482
Ben McLemore,POR,64,115,26.0833333333333,0.4075520833333328
Blake Griffin,BKN,56,112.5,52.6333333333333,0.9398809523809517
Bobby Portis Jr.,MIL,72,108.5,78.5666666666667,1.0912037037037043
Bogdan Bogdanović,ATL,63,112.1,75.4,1.196825396825397
Bojan Bogdanovic,UTA,69,111.4,93.1,1.3492753623188405
Bones Hyland,DEN,69,111.7,22.2,0.3217391304347826
Brandon Boston Jr.,LAC,51,104.9,13.3666666666667,0.2620915032679745
Brandon Clarke,MEM,64,105.7,34.5,0.5390625
Brandon Ingram,NOP,55,109.4,47.9333333333333,0.8715151515151509
Bruce Brown,BKN,72,112,123.35,1.7131944444444445
Bryn Forbes,DEN,75,109.8,16.8333333333333,0.224444444444444
Buddy Hield,IND,81,115.1,85.3166666666667,1.0532921810699594
Cade Cunningham,DET,64,113.1,88.4,1.38125
Caleb Martin,MIA,60,106.2,80.0833333333333,1.3347222222222217
Cam Reddish,NYK,49,113,39.9666666666667,0.815646258503402
Cam Thomas,BKN,67,112.7,18.1333333333333,0.27064676616915373
Cameron Johnson,PHX,66,104.6,50.7666666666667,0.7691919191919198
Cameron Payne,PHX,58,102.7,24.8666666666667,0.4287356321839086
Caris LeVert,CLE,58,114.5,60.3666666666667,1.04080459770115
Carmelo Anthony,LAL,69,111.7,47.4333333333333,0.6874396135265696
Cedi Osman,CLE,66,109.2,23.5666666666667,0.35707070707070754
Chimezie Metu,SAC,60,111.8,41.3666666666667,0.6894444444444451
Chris Boucher,TOR,80,105.7,33.1,0.41375
Chris Duarte,IND,55,109.7,49.9833333333333,0.9087878787878781
Chris Paul,PHX,65,105.5,52.65,0.8099999999999999
Christian Wood,HOU,68,115.7,69.9,1.0279411764705884
Chuma Okeke,ORL,70,109.1,77.05,1.1007142857142858
CJ Elleby,POR,58,116.9,37.8666666666667,0.6528735632183914
CJ McCollum,NOP,62,114,74.1166666666667,1.1954301075268823
Clint Capela,ATL,74,113.3,96.7833333333333,1.3078828828828826
Coby White,CHI,61,113.6,42.9333333333333,0.7038251366120213
Cody Martin,CHA,71,113,109.85,1.5471830985915491
Cole Anthony,ORL,65,111.1,63.95,0.9838461538461539
Corey Kispert,WAS,77,112.9,30.1,0.39090909090909093
Cory Joseph,DET,65,111.7,89.8,1.3815384615384616
D.J. Augustin,LAL,55,117.5,14.7333333333333,0.26787878787878727
D'Angelo Russell,MIN,65,109.8,66.95,1.03
Dalano Banton,TOR,64,105.1,18.7166666666667,0.2924479166666672
Damian Jones,SAC,56,113.5,62.2833333333333,1.1122023809523804
Damion Lee,GSW,63,106.5,22.2833333333333,0.3537037037037032
Daniel Gafford,WAS,72,115.5,55.1666666666667,0.7662037037037042
Daniel Theis,BOS,47,108.4,68.8,1.4638297872340424
Danilo Gallinari,ATL,66,112.6,39.75,0.6022727272727273
Danny Green,PHI,62,108.5,70,1.1290322580645162
Danuel House Jr.,UTA,42,105.5,54.7,1.3023809523809524
Darius Bazley,OKC,69,113.1,152.066666666667,2.203864734299522
Darius Garland,CLE,68,106.9,71.0833333333333,1.0453431372549016
David Nwaba,HOU,46,115.9,37.3166666666667,0.8112318840579718
Davion Mitchell,SAC,75,111.3,106.483333333333,1.4197777777777731
Davis Bertans,DAL,56,108.5,10.5,0.1875
Davon Reed,DEN,48,109.5,20.95,0.43645833333333334
De'Aaron Fox,SAC,59,116.5,131.566666666667,2.2299435028248644
De'Andre Hunter,ATL,53,113.9,158.366666666667,2.988050314465415
De'Anthony Melton,MEM,73,106.4,78.9166666666667,1.0810502283105028
Dean Wade,CLE,51,103.8,75.8333333333333,1.4869281045751628
Deandre Ayton,PHX,58,107.7,101.116666666667,1.743390804597707
DeAndre Jordan,PHI,48,111.5,22.1,0.4604166666666667
DeAndre' Bembry,MIL,56,110.5,71.4333333333333,1.2755952380952373
Dejounte Murray,SAS,68,111,151.183333333333,2.223284313725485
Delon Wright,ATL,77,108.8,43.1,0.5597402597402598
DeMar DeRozan,CHI,76,112,55.7,0.7328947368421053
DeMarcus Cousins,DEN,48,111.7,17.85,0.371875
Deni Avdija,WAS,82,110.1,106.033333333333,1.2930894308943048
Dennis Schröder,HOU,64,107.9,73.4333333333333,1.1473958333333327
Derrick Jones Jr.,CHI,51,110.1,43.5666666666667,0.8542483660130725
Derrick White,BOS,75,106.4,102.95,1.3726666666666667
Desmond Bane,MEM,76,107.8,145.35,1.9124999999999999
Devin Booker,PHX,68,108.1,70.5333333333333,1.037254901960784
Devin Vassell,SAS,71,110.2,67.9666666666667,0.9572769953051647
Devonte' Graham,NOP,76,111.1,59.55,0.7835526315789473
Dewayne Dedmon,MIA,67,106,26.6333333333333,0.3975124378109448
Domantas Sabonis,SAC,62,110.1,105.95,1.7088709677419356
Donovan Mitchell,UTA,67,111.7,63.15,0.9425373134328358
Donte DiVincenzo,SAC,42,111.2,23.1833333333333,0.5519841269841262
Dorian Finney-Smith,DAL,80,110.4,262.433333333333,3.2804166666666625
Doug McDermott,SAS,51,114.1,25.8166666666667,0.506209150326798
Draymond Green,GSW,46,102.8,80.9666666666667,1.7601449275362326
Drew Eubanks,POR,71,115.9,54.4833333333333,0.7673708920187788
Duane Washington Jr.,IND,48,116.1,33.2166666666667,0.6920138888888895
Duncan Robinson,MIA,79,107.9,43.5666666666667,0.5514767932489455
Dwight Howard,LAL,60,115,50.5333333333333,0.8422222222222218
Dwight Powell,DAL,82,110.6,97.9166666666667,1.194105691056911
Dylan Windler,CLE,50,101.6,8,0.16
Elfrid Payton,PHX,50,105,14.4666666666667,0.289333333333334
Eric Bledsoe,POR,54,106.4,73.2833333333333,1.3570987654320983
Eric Gordon,HOU,57,113.6,90.1166666666667,1.5809941520467843
Eric Paschall,UTA,58,111.3,33.7833333333333,0.5824712643678156
Evan Fournier,NYK,80,112.5,62.6,0.7825
Evan Mobley,CLE,69,106.8,89.4666666666667,1.296618357487923
Facundo Campazzo,DEN,65,110.7,41.3166666666667,0.6356410256410261
Frank Jackson,DET,53,110.9,18.6666666666667,0.35220125786163586
Frank Ntilikina,DAL,58,102.3,30.0333333333333,0.5178160919540225
Franz Wagner,ORL,79,110.8,118.35,1.4981012658227848
Fred VanVleet,TOR,65,108.5,170.65,2.6253846153846156
Furkan Korkmaz,PHI,67,108,26.5833333333333,0.39676616915422835
Gabe Vincent,MIA,68,106,58.5666666666667,0.8612745098039221
Garrett Temple,NOP,59,114.7,76.1333333333333,1.290395480225988
Garrison Mathews,HOU,65,116.5,36.75,0.5653846153846154
Gary Harris,ORL,61,110.1,72.65,1.1909836065573771
Gary Payton II,GSW,71,102.3,86.9833333333333,1.2251173708920184
Gary Trent Jr.,TOR,70,110.2,103.583333333333,1.4797619047619
George Hill,MIL,54,100.8,71.7666666666667,1.3290123456790128
Georges Niang,PHI,76,109,74.7,0.9828947368421053
Giannis Antetokounmpo,MIL,67,107.9,79.85,1.1917910447761193
Goga Bitadze,IND,50,116.4,30.05,0.601
Gordon Hayward,CHA,49,111,60.8333333333333,1.241496598639455
Gorgui Dieng,ATL,44,109.5,11.1,0.25227272727272726
Grant Williams,BOS,77,108,99.95,1.2980519480519481
Grayson Allen,MIL,66,107.5,38.7666666666667,0.5873737373737379
Greg Brown III,POR,48,116.8,11.633333333333301,0.24236111111111044
Hamidou Diallo,DET,58,110.7,58.6333333333333,1.0109195402298845
Harrison Barnes,SAC,77,116.7,122.3,1.5883116883116883
Hassan Whiteside,UTA,65,109,36.7333333333333,0.5651282051282046
Herbert Jones,NOP,78,110.2,235.816666666667,3.0232905982906026
Ignas Brazdeikis,ORL,42,116.4,9.6,0.22857142857142856
Immanuel Quickley,NYK,78,104.8,40.6166666666667,0.5207264957264962
Isaac Okoro,CLE,67,109.3,131.433333333333,1.9616915422885521
Isaiah Hartenstein,LAC,68,105,34.2333333333333,0.5034313725490192
Isaiah Joe,PHI,55,106.5,12.1666666666667,0.2212121212121218
Isaiah Roby,OKC,45,113.4,46.3,1.0288888888888887
Isaiah Stewart,DET,71,112.1,106.766666666667,1.5037558685446057
Ish Smith,WAS,65,113.8,36.0166666666667,0.5541025641025646
Ish Wainright,PHX,45,100.6,2.7,0.060000000000000005
Ivica Zubac,LAC,76,112.2,104.683333333333,1.37741228070175
Ja Morant,MEM,57,111.2,88.5166666666667,1.5529239766081877
Jaden McDaniels,MIN,70,109.3,104.933333333333,1.4990476190476143
Jae Crowder,PHX,67,105.9,120.333333333333,1.7960199004975075
Jae'Sean Tate,HOU,78,114.2,126.5,1.6217948717948718
Jakob Poeltl,SAS,68,111.8,113.566666666667,1.6700980392156912
Jalen Brunson,DAL,79,109.4,63.3333333333333,0.8016877637130797
Jalen Green,HOU,67,116.9,52.8833333333333,0.7893034825870642
Jalen McDaniels,CHA,55,109.1,19.7833333333333,0.35969696969696907
Jalen Smith,IND,51,109.3,31.6666666666667,0.6209150326797392
Jalen Suggs,ORL,48,107.8,60.6,1.2625
James Harden,PHI,65,111.4,71.45,1.0992307692307692
James Johnson,BKN,62,110.5,64.8666666666667,1.0462365591397855
JaMychal Green,DEN,67,110.3,26.35,0.3932835820895523
Jared Butler,UTA,42,112.6,3.95,0.09404761904761905
Jaren Jackson Jr.,MEM,78,106,105.083333333333,1.3472222222222179
Jarred Vanderbilt,MIN,74,110.5,139.616666666667,1.886711711711716
Jarrett Allen,CLE,56,106.7,100.016666666667,1.7860119047619107
JaVale McGee,PHX,74,104.6,26.1,0.3527027027027027
Javonte Green,CHI,65,112,130.9,2.013846153846154
Jaxson Hayes,NOP,70,109.2,66.75,0.9535714285714286
Jaylen Brown,BOS,66,103.8,109.233333333333,1.6550505050505
Jaylen Nowell,MIN,62,111.7,14.4166666666667,0.23252688172043065
Jayson Tatum,BOS,76,103.4,123.35,1.6230263157894735
Jeff Green,DEN,75,111.5,72.4833333333333,0.9664444444444441
Jerami Grant,DET,47,110.7,94.6333333333333,2.0134751773049637
Jeremiah Robinson-Earl,OKC,49,110.9,45.0166666666667,0.9187074829931979
Jeremy Lamb,SAC,56,109.7,14.65,0.26160714285714287
Jericho Sims,NYK,41,102.9,13.4333333333333,0.3276422764227634
Jevon Carter,MIL,66,110.3,29.3,0.44393939393939397
Jimmy Butler III,MIA,57,108.4,114.833333333333,2.01461988304093
Jock Landale,SAS,54,109,9.86666666666667,0.18271604938271613
Joe Ingles,POR,45,103.7,30.8333333333333,0.6851851851851845
Joel Embiid,PHI,68,107.8,79.4666666666667,1.1686274509803927
John Collins,ATL,54,112.7,102.333333333333,1.8950617283950555
John Konchar,MEM,72,107,19.7333333333333,0.2740740740740736
Jonas Valanciunas,NOP,74,110.2,107.166666666667,1.4481981981982026
Jonathan Kuminga,GSW,70,107.5,56.6666666666667,0.80952380952381
Jordan Clarkson,UTA,79,107,33.1666666666667,0.4198312236286924
Jordan McLaughlin,MIN,62,109,23.55,0.37983870967741934
Jordan Nwora,MIL,62,112.5,14.7833333333333,0.23844086021505323
Jordan Poole,GSW,76,105.5,46.0833333333333,0.6063596491228066
Jose Alvarado,NOP,54,104.8,22.65,0.4194444444444444
Josh Christopher,HOU,74,116.1,37.3166666666667,0.5042792792792797
Josh Giddey,OKC,54,109.4,29.95,0.5546296296296296
Josh Green,DAL,67,103.8,39.5166666666667,0.5898009950248762
Josh Hart,POR,54,113.2,117.083333333333,2.168209876543204
Josh Jackson,SAC,51,112.2,25.1166666666667,0.4924836601307196
Josh Okogie,MIN,49,101.6,38.4666666666667,0.7850340136054428
Josh Richardson,SAS,65,107.8,54.6,0.84
Joshua Primo,SAS,50,111.2,27.4333333333333,0.5486666666666661
Jrue Holiday,MIL,67,109.7,169.2,2.525373134328358
Juan Toscano-Anderson,GSW,73,106.9,37.45,0.513013698630137
Julius Randle,NYK,72,111.6,111.133333333333,1.5435185185185138
Justin Holiday,SAC,74,113.9,73.7,0.995945945945946
Justise Winslow,POR,48,105.9,50.3833333333333,1.049652777777777
Jusuf Nurkić,POR,56,110.1,54.5833333333333,0.9747023809523804
Karl-Anthony Towns,MIN,74,111.6,110.15,1.4885135135135137
Keita Bates-Diop,SAS,59,106.2,56.2666666666667,0.9536723163841814
Keldon Johnson,SAS,75,111.1,119.766666666667,1.5968888888888935
Kelly Oubre Jr.,CHA,76,112.4,85.75,1.1282894736842106
Kenrich Williams,OKC,49,100.3,48.55,0.9908163265306121
Kentavious Caldwell-Pope,WAS,77,113.8,139.266666666667,1.8086580086580129
Kessler Edwards,BKN,48,115.5,51.85,1.0802083333333334
Kevin Durant,BKN,55,109.7,106.516666666667,1.9366666666666728
Kevin Huerter,ATL,74,112.5,84.0666666666667,1.1360360360360366
Kevin Love,CLE,74,107.4,29.3333333333333,0.39639639639639596
Kevin Porter Jr.,HOU,61,114.9,156.283333333333,2.5620218579234915
Kevon Looney,GSW,82,107.2,132,1.6097560975609757
Khem Birch,TOR,55,112.4,35.4166666666667,0.6439393939393946
Khris Middleton,MIL,66,109.6,83.5833333333333,1.266414141414141
Killian Hayes,DET,66,112.9,83.1833333333333,1.2603535353535347
KJ Martin,HOU,79,115.4,23.0333333333333,0.29156118143459875
Kristaps Porziņģis,WAS,51,109.5,42.7666666666667,0.8385620915032687
Kyle Anderson,MEM,69,108.3,96.6833333333333,1.4012077294685985
Kyle Kuzma,WAS,66,114.3,148.366666666667,2.2479797979798026
Kyle Lowry,MIA,63,106.6,73.7666666666667,1.1708994708994713
Lamar Stevens,CLE,63,109.7,74.8,1.1873015873015873
LaMarcus Aldridge,BKN,47,111.1,48.1833333333333,1.0251773049645383
LaMelo Ball,CHA,75,112.5,77.7333333333333,1.036444444444444
Lance Stephenson,IND,46,117.4,20.2166666666667,0.4394927536231891
Landry Shamet,PHX,69,102.9,32.5833333333333,0.47222222222222177
Larry Nance Jr.,NOP,46,112.6,29.9333333333333,0.6507246376811587
Lauri Markkanen,CLE,61,109.9,114.266666666667,1.8732240437158525
LeBron James,LAL,56,113.5,69.8,1.2464285714285714
Lonnie Walker IV,SAS,70,111.5,38.9,0.5557142857142857
Lou Williams,ATL,56,109.5,7.7,0.1375
Luguentz Dort,OKC,51,110.1,184.216666666667,3.6120915032679806
Luka Dončić,DAL,65,110.3,56.3333333333333,0.8666666666666661
Luke Kennard,LAC,70,106.6,36.8,0.5257142857142857
Malachi Flynn,TOR,44,111.8,19.6666666666667,0.44696969696969774
Malik Beasley,MIN,79,110.1,40.7166666666667,0.5154008438818569
Malik Monk,LAL,76,112.9,58.45,0.7690789473684211
Marcus Morris Sr.,LAC,54,114,74.8,1.385185185185185
Marcus Smart,BOS,71,105.2,143.583333333333,2.0223004694835636
Marvin Bagley III,DET,48,114.9,59.3833333333333,1.237152777777777
Mason Plumlee,CHA,73,109.6,88.7666666666667,1.2159817351598177
Matisse Thybulle,PHI,66,107.2,163.4,2.475757575757576
Maurice Harkless,SAC,47,110.8,45.25,0.9627659574468085
Max Strus,MIA,68,108.1,33.95,0.499264705882353
Maxi Kleber,DAL,59,105.3,73.3833333333333,1.2437853107344627
Mikal Bridges,PHX,82,106.9,213.883333333333,2.6083333333333294
Mike Conley,UTA,72,104.9,117.783333333333,1.635879629629625
Mike Muscala,OKC,43,104.9,20.9666666666667,0.487596899224807
Miles Bridges,CHA,80,112.4,198.45,2.480625
Mitchell Robinson,NYK,72,111.2,62.7166666666667,0.8710648148148152
Mo Bamba,ORL,71,111.3,54.3833333333333,0.7659624413145535
Monte Morris,DEN,75,110.4,82.6,1.1013333333333333
Montrezl Harrell,CHA,71,108.5,62.1333333333333,0.8751173708920182
Moritz Wagner,ORL,63,112.6,26.2,0.41587301587301584
Moses Moody,GSW,52,108.9,8.8,0.16923076923076924
Myles Turner,IND,42,109.9,34.55,0.8226190476190476
Naji Marshall,NOP,55,108,34.9666666666667,0.6357575757575763
Nassir Little,POR,42,111.1,39.3166666666667,0.9361111111111119
Naz Reid,MIN,77,107.9,31.7166666666667,0.41190476190476233
Nemanja Bjelica,GSW,71,104,28.75,0.40492957746478875
Nic Claxton,BKN,47,109.8,48.3166666666667,1.0280141843971637
Nick Richards,CHA,50,115.4,17.8166666666667,0.35633333333333395
Nickeil Alexander-Walker,UTA,65,110.7,36.7,0.5646153846153846
Nicolas Batum,LAC,59,109.8,114.433333333333,1.9395480225988644
Nikola Jokić,DEN,74,108.9,78.5833333333333,1.0619369369369365
Nikola Vučević,CHI,73,112.8,111.433333333333,1.5264840182648356
Norman Powell,LAC,45,118.7,60.3666666666667,1.3414814814814824
Obi Toppin,NYK,72,104,24.2666666666667,0.3370370370370375
OG Anunoby,TOR,48,108.1,118.5,2.46875
Omer Yurtseven,MIA,56,108,18,0.32142857142857145
Onyeka Okongwu,ATL,48,109.1,41.3,0.8604166666666666
Oshae Brissett,IND,67,116.8,50.8166666666667,0.7584577114427865
Otto Porter Jr.,GSW,63,103.3,29.3833333333333,0.4664021164021159
P.J. Tucker,MIA,71,107.1,184.666666666667,2.600938967136155
P.J. Washington,CHA,65,111.5,109.566666666667,1.6856410256410308
Pascal Siakam,TOR,68,109.6,101.016666666667,1.4855392156862794
Pat Connaughton,MIL,65,112.1,37.4333333333333,0.5758974358974354
Patrick Beverley,MIN,58,109.8,110.65,1.9077586206896553
Patty Mills,BKN,81,110.7,59.7,0.737037037037037
Payton Pritchard,BOS,71,107.2,17.2166666666667,0.24248826291079859
Precious Achiuwa,TOR,73,106.7,83.7666666666667,1.1474885844748863
Quentin Grimes,NYK,46,105,29.25,0.6358695652173914
R.J. Hampton,ORL,64,113.5,49.15,0.76796875
Raul Neto,WAS,70,112.9,65.6833333333333,0.9383333333333328
Reggie Bullock Jr.,DAL,68,106.7,122.183333333333,1.796813725490191
Reggie Jackson,LAC,75,109.4,95.15,1.2686666666666668
Richaun Holmes,SAC,45,113,30.25,0.6722222222222223
RJ Barrett,NYK,70,111.6,189.983333333333,2.7140476190476144
Robert Covington,LAC,71,110.2,120.083333333333,1.6913145539906056
Robert Williams III,BOS,61,103.4,75.6,1.2393442622950819
Rodney Hood,LAC,52,107.9,9.38333333333333,0.18044871794871786
Rodney McGruder,DET,51,108.7,19.6833333333333,0.3859477124183
Romeo Langford,SAS,48,103.1,24.7833333333333,0.5163194444444438
Royce O'Neale,UTA,77,110.5,192.183333333333,2.4958874458874414
Rudy Gay,UTA,55,104.9,43.6833333333333,0.7942424242424236
Rudy Gobert,UTA,66,104.5,69.8166666666667,1.0578282828282835
Rui Hachimura,WAS,42,115.8,52.3,1.2452380952380953
Russell Westbrook,LAL,78,111.5,138.266666666667,1.7726495726495768
Saddiq Bey,DET,82,114,133.183333333333,1.6241869918699146
Sandro Mamukelashvili,MIL,41,117.3,8.81666666666667,0.21504065040650414
Scottie Barnes,TOR,74,108.4,128.166666666667,1.7319819819819864
Serge Ibaka,MIL,54,108.9,33.8333333333333,0.6265432098765426
Seth Curry,BKN,64,109.2,53.7,0.8390625
Shai Gilgeous-Alexander,OKC,56,113,45.5666666666667,0.8136904761904767
Shake Milton,PHI,55,109.6,34.9333333333333,0.6351515151515146
Spencer Dinwiddie,DAL,67,109.4,71.0833333333333,1.0609452736318403
Stanley Johnson,LAL,48,115.2,58.1166666666667,1.2107638888888896
Stephen Curry,GSW,64,103.4,49.4,0.771875
Sterling Brown,DAL,49,103.1,9.45,0.19285714285714284
Steven Adams,MEM,76,109.5,97.55,1.2835526315789474
Svi Mykhailiuk,TOR,56,109.5,19.2666666666667,0.34404761904761966
Taj Gibson,NYK,52,104.2,36.1666666666667,0.6955128205128212
Talen Horton-Tucker,LAL,60,110.1,77.4166666666667,1.2902777777777783
Taurean Prince,MIN,69,110.9,53.3166666666667,0.7727053140096622
Terance Mann,LAC,81,107.1,162.016666666667,2.0002057613168764
Terrence Ross,ORL,63,113.8,22.55,0.35793650793650794
Terry Rozier,CHA,73,112,143.85,1.9705479452054793
Thaddeus Young,TOR,52,106.3,25.5666666666667,0.49166666666666725
Thanasis Antetokounmpo,MIL,48,114.4,14.3666666666667,0.2993055555555562
Theo Maledon,OKC,51,112.3,32.3166666666667,0.6336601307189549
Tim Hardaway Jr.,DAL,42,107.7,49.5833333333333,1.1805555555555547
Timothe Luwawu-Cabarrot,ATL,52,113.2,37.7166666666667,0.7253205128205134
Tobias Harris,PHI,73,110,179.316666666667,2.4563926940639313
Tomas Satoransky,WAS,55,112.4,36.6833333333333,0.6669696969696964
Tony Bradley,CHI,55,105,10.7166666666667,0.19484848484848546
Tony Snell,NOP,53,112.6,30.3666666666667,0.572955974842768
Torrey Craig,PHX,78,111.8,120,1.5384615384615385
Trae Young,ATL,76,114.9,43.0666666666667,0.5666666666666671
Tre Jones,SAS,69,109.3,29.6333333333333,0.42946859903381596
Tre Mann,OKC,60,112,21.7,0.36166666666666664
Trendon Watford,POR,48,118.4,36.1,0.7520833333333333
Trent Forrest,UTA,60,108.5,43.7333333333333,0.7288888888888884
Trey Burke,DAL,42,104.2,5.1,0.12142857142857141
Trey Lyles,SAC,75,113.6,54.4166666666667,0.725555555555556
Trey Murphy III,NOP,62,107.8,15.0333333333333,0.24247311827956936
Tristan Thompson,CHI,57,115.7,35.95,0.630701754385965
Troy Brown Jr.,CHI,66,111.7,30.1166666666667,0.4563131313131318
Ty Jerome,OKC,48,100.4,8.28333333333333,0.17256944444444436
Tyler Herro,MIA,66,108.1,62.4166666666667,0.9457070707070712
Tyrese Haliburton,IND,77,115.9,64.8,0.8415584415584415
Tyrese Maxey,PHI,75,109.7,125.866666666667,1.6782222222222267
Tyus Jones,MEM,73,105.5,23.7,0.32465753424657534
Wayne Ellington,LAL,43,111.3,15.5333333333333,0.3612403100775186
Wendell Carter Jr.,ORL,62,108.8,160.616666666667,2.5905913978494675
Wesley Matthews,MIL,49,107.7,100.466666666667,2.0503401360544284
Will Barton,DEN,71,110.4,79.5166666666667,1.1199530516431928
Willy Hernangomez,NOP,50,114.2,44.3,0.8859999999999999
Xavier Tillman,MEM,53,106.4,29.6833333333333,0.5600628930817604
Zach LaVine,CHI,67,113.4,90.8833333333333,1.3564676616915416
Zeke Nnaji,DEN,41,110.4,16.55,0.4036585365853659
Ziaire Williams,MEM,62,108.8,58.0833333333333,0.9368279569892468
